datum,region,id,institut,medium,auftraggeber,methode,befragt,schwankung,befragung_von,befragung_bis,anmerkungen,quelle,ÖVP,SPÖ,FPÖ,NEOS,GRÜNE,BIER
2024-10-14,Österreich,2024053,OGM,Kurier,Kurier,Online,1202,2.8,2024-10-04,2024-10-08,"Original-Umfrage enthält Rohdaten, Werte der Parteien auf 100 Prozent ergänzt",https://kurier.at/politik/inland/kurier-ogm-umfrage-40-fuer-blau-schwarz-28-fuer-oevp-spoe-neos/402962059,31.7,17.1,28.0,18.3,4.9,
2024-10-11,Österreich,2024052,Lazarsfeld Gesellschaft,oe24,oe24,Online,1000,3.6,2024-10-07,2024-10-08,"Rohdaten. Original-Umfrage enthält Rohdaten, Werte der Parteien auf 100 Prozent ergänzt",https://www.oe24.at/oesterreich/politik/nationalratswahl/aktuelle-umfrage-fpoe-hebt-ab-spoe-faellt-unter-20-marke/609016480,27.8,19.4,33.3,15.3,4.2,
2024-10-04,Österreich,2024051,Lazarsfeld Gesellschaft,oe24,oe24,Online,1000,3.56,2024-09-30,2024-10-01,"Kanzlerfrage nicht auf der oe24-HP abrufbar. Original-Umfrage enthält Rohdaten, Werte der Parteien auf 100 Prozent ergänzt",https://www.aom.apa.at/cgi-bin/aomalarm.pl?source=OESTERREICH&date=20241004&key=OESTERREICH_20241004_B36842B73D,26.8,18.3,33.8,14.1,7.0,
2024-09-26,Österreich,2024050,Lazarsfeld Gesellschaft,oe24,oe24,Online,1000,3.16,2024-09-21,2024-09-22,"Rohdaten. Original-Umfrage enthält Rohdaten, Werte der Parteien auf 100 Prozent ergänzt",Letzte Umfrage vor der Wahl: FPÖ nur noch 1% vor ÖVP - Politik-Live (oe24.at),28.4,17.9,29.9,11.9,7.5,4.5
2024-09-20,Österreich,2024048,Market,Der Standard,Der Standard,Online,800,,2024-09-16,2024-09-17,"Original-Umfrage enthält Rohdaten, Werte der Parteien auf 100 Prozent ergänzt",https://www.derstandard.at/story/3000000237204/fpoe-in-umfrage-nur-knapp-vor-oevp,28.4,18.9,36.5,12.2,4.1,
2024-09-13,Österreich,2024046,Unique Research,Heute,Heute,Online; Telefon,800,3.5,2024-09-05,2024-09-11,"Original-Umfrage enthält Rohdaten, Werte der Parteien auf 100 Prozent ergänzt",https://www.heute.at/s/nehammer-jetzt-in-kanzler-direktwahl-vor-kickl-120058648,30.6,18.4,29.6,11.2,6.1,4.1
2024-09-06,Österreich,2024045,Unique Research,profil,profil,Online; Telefon,1200,2.8,2024-08-28,2024-09-04,"Rohdaten. Original-Umfrage enthält Rohdaten, Werte der Parteien auf 100 Prozent ergänzt",https://www.profil.at/oesterreich/umfrage/grosse-profil-umfrage-kickl-auf-siegeskurs/402944655,31.4,17.1,30.0,8.6,7.1,5.7
2024-09-06,Österreich,2024044,Lazarsfeld Gesellschaft,oe24,oe24,Online,1000,3.16,2024-09-02,2024-09-04,"Rohdaten. Original-Umfrage enthält Rohdaten, Werte der Parteien auf 100 Prozent ergänzt",https://www.oe24.at/oesterreich/politik/nationalratswahl/wahl-wird-doch-noch-zum-krimi-oevp-holt-stark-auf/605860874,27.3,18.2,33.3,9.1,6.1,6.1
2024-08-30,Österreich,2024043,Lazarsfeld Gesellschaft,oe24,oe24,Online,1000,3.16,2024-08-26,2024-08-27,"Rohdaten. Original-Umfrage enthält Rohdaten, Werte der Parteien auf 100 Prozent ergänzt",https://www.oe24.at/oesterreich/politik/parteien/umfrage-spoe-nur-noch-bei-20-doch-auch-die-fpoe-verliert/605250267,25.4,17.9,32.8,13.4,4.5,6.0
2024-08-25,Österreich,2024042,OGM,Kurier,Kurier,Online,1696,2.4,2024-08-19,2024-08-22,"Original-Umfrage enthält Rohdaten, Werte der Parteien auf 100 Prozent ergänzt",https://kurier.at/politik/inland/kurier-ogm-umfrage-5-wochen-vor-nationalratswahl-fpoe-oevp-spoe-neos-van-der-bellen/402939999,27.9,23.3,27.9,12.8,8.1,
2024-08-23,Österreich,2024041,Lazarsfeld Gesellschaft,oe24,oe24,Online,2000,,2024-08-19,2024-08-20,"geglättet mit Vorwoche (12.08.-13.08.2024). Original-Umfrage enthält Rohdaten, Werte der Parteien auf 100 Prozent ergänzt",https://www.oe24.at/oesterreich/politik/fpoe-fuehrt-deutlich-vor-oevp-und-spoe/604657559,24.2,18.2,30.3,12.1,7.6,7.6
2024-08-21,Österreich,2024040,IFDD,NÖN,NÖN,Online,1250,,2024-08-14,2024-08-18,"Original-Umfrage enthält Rohdaten, Werte der Parteien auf 100 Prozent ergänzt",https://www.noen.at/niederoesterreich/politik/nationalratswahl-2024-noen-sonntagsfrage-dreikampf-an-der-spitze-fpoe-liegt-weiter-voran-435857537,29.9,21.8,28.7,10.3,9.2,
2024-08-09,Österreich,2024039,Lazarsfeld Gesellschaft,oe24,oe24,Online,1000,3.16,2024-08-05,2024-08-06,"Rohdaten. Original-Umfrage enthält Rohdaten, Werte der Parteien auf 100 Prozent ergänzt",https://www.oe24.at/oesterreich/politik/parteien/aktuelle-umfrage-fpoe-auf-platz-1-wie-festgenagelt/603345315,25.0,17.2,32.8,12.5,4.7,7.8
2024-07-27,Österreich,2024038,Lazarsfeld Gesellschaft,oe24,oe24,Online,2000,2.2,2024-07-15,2024-07-24,"Rohdaten. Original-Umfrage enthält Rohdaten, Werte der Parteien auf 100 Prozent ergänzt",https://www.aom.apa.at/cgi-bin/aomalarm.pl?source=OESTERREICH&date=20240727&key=OESTERREICH_20240727_C87F574A1C,25.0,18.8,32.8,10.9,6.2,6.2
2024-07-16,Österreich,2024037,Market,Der Standard,Der Standard,Online; Persönlich,815,,2024-07-08,2024-07-11,"Rohdaten. Original-Umfrage enthält Rohdaten, Werte der Parteien auf 100 Prozent ergänzt",https://www.derstandard.at/story/3000000228423/jeder-zweite-will-keinesfalls-einen-blauen-kanzler,22.9,20.0,27.1,14.3,5.7,10.0
2024-07-12,Österreich,2024036,Lazarsfeld Gesellschaft,oe24,oe24,Online,1000,3.16,2024-07-08,2024-07-10,"Rohdaten. Original-Umfrage enthält Rohdaten, Werte der Parteien auf 100 Prozent ergänzt",https://www.oe24.at/oesterreich/politik/parteien/aktuelle-umfrage-kickl-fpoe-zieht-der-oevp-davon/600572131,21.9,18.8,32.8,9.4,7.8,9.4
2024-07-05,Österreich,2024035,Lazarsfeld Gesellschaft,oe24,oe24,Online,1000,3.16,2024-07-01,2024-07-02,"Rohdaten. Original-Umfrage enthält Rohdaten, Werte der Parteien auf 100 Prozent ergänzt",https://www.oe24.at/oesterreich/politik/parteien/umfrage-fpoe-ist-klar-vorn-oevp-bleibt-zweite/599861871,24.6,20.0,30.8,10.8,7.7,6.2
2024-06-28,Österreich,2024034,Lazarsfeld Gesellschaft,oe24,oe24,Online,2000,2.2,2024-06-24,2024-06-26,"Original-Umfrage enthält Rohdaten, Werte der Parteien auf 100 Prozent ergänzt",https://www.oe24.at/oesterreich/politik/umfrage-hammer-fpoe-zieht-wieder-allen-davon/599147941,22.6,17.2,32.3,10.8,9.7,7.5
2024-06-22,Österreich,2024033,Unique Research,profil,profil,Online; Telefon,1008,3.5,2024-06-12,2024-06-19,"Rohdaten. Original-Umfrage enthält Rohdaten, Werte der Parteien auf 100 Prozent ergänzt",https://www.profil.at/umfrage/umfrage-koalition-oevp-gruene-fpoe-kickl-renaturierung-gesetze-kanzlerfrage-regierung/402915689,30.1,17.8,27.4,12.3,5.5,6.8
2024-06-21,Österreich,2024032,Lazarsfeld Gesellschaft,oe24,oe24,Online,2000,2.2,2024-06-10,2024-06-19,"Original-Umfrage enthält Rohdaten, Werte der Parteien auf 100 Prozent ergänzt",https://www.oe24.at/oesterreich/politik/umfrage-fpoe-und-oevp-jetzt-kopf-an-kopf/598430019,24.7,18.3,29.0,10.8,9.7,7.5
2024-06-14,Österreich,2024029,Unique Research,heute,heute,Online; Telefon,800,3.5,2024-06-10,2024-06-13,"Original-Umfrage enthält Rohdaten, Werte der Parteien auf 100 Prozent ergänzt",https://www.heute.at/s/nehammer-zieht-in-kanzler-direktwahl-an-kickl-vorbei-120042245,31.6,15.8,26.3,10.5,7.4,8.4
2024-05-25,Österreich,2024028,Lazarsfeld Gesellschaft,oe24,oe24,Online,1000,3.16,2024-05-17,2024-05-21,"Rohdaten. Original-Umfrage enthält Rohdaten, Werte der Parteien auf 100 Prozent ergänzt",https://www.oe24.at/oesterreich/politik/parteien/umfrage-fpoe-ist-klare-nr-1-enges-duell-um-platz-2/595611031,23.4,17.2,32.8,9.4,7.8,9.4
2024-05-23,Österreich,2024026,Peter Hajek,ATV/PULS24,ATV/PULS24,Online; Telefon,1200,2.8,2024-05-13,2024-05-17,"Original-Umfrage enthält Rohdaten, Werte der Parteien auf 100 Prozent ergänzt",https://www.puls24.at/video/puls-24/exklusive-sonntagsfrage-fpoe-dominiert-gruene-stuerzen-ab/v1axzuoswf6tt,27.3,16.2,31.3,9.1,7.1,9.1
2024-05-17,Österreich,2024025,Lazarsfeld Gesellschaft,oe24,oe24,Online,1000,3.16,2024-05-13,2024-05-14,"Rohdaten. Original-Umfrage enthält Rohdaten, Werte der Parteien auf 100 Prozent ergänzt",https://www.oe24.at/oesterreich/politik/parteien/bierpartei-chef-bei-kanzler-umfrage-besser-als-kogler/594807072,22.6,19.4,32.3,9.7,6.5,9.7
2024-05-02,Österreich,2024024,Lazarsfeld Gesellschaft,oe24,oe24,Online,1000,3.16,2024-04-26,2024-04-29,"Rohdaten. Original-Umfrage enthält Rohdaten, Werte der Parteien auf 100 Prozent ergänzt",https://www.oe24.at/oesterreich/politik/fpoe-haelt-trotz-affaeren-platz-1-spoe-zweite/593364152,24.6,18.0,29.5,11.5,8.2,8.2
2024-04-27,Österreich,2024023,Lazarsfeld Gesellschaft,oe24,oe24,Online,1000,3.16,2024-04-22,2024-04-24,"Rohdaten. Original-Umfrage enthält Rohdaten, Werte der Parteien auf 100 Prozent ergänzt",https://www.oe24.at/oesterreich/politik/parlament/umfrage-kickl-fpoe-sechs-prozent-vor-der-spoe/592919022,25.0,18.3,31.7,10.0,6.7,8.3
2024-04-26,Österreich,2024022,Unique Research,profil,profil,Online; Telefon,800,3.5,2024-04-19,2024-04-24,"Rohdaten. Original-Umfrage enthält Rohdaten, Werte der Parteien auf 100 Prozent ergänzt",https://www.profil.at/umfrage/fpoe-verliert-zuspruch-aber-trotzdem-klar-auf-platz-eins/402872459,27.5,18.8,31.9,8.7,5.8,7.2
2024-04-19,Österreich,2024020,Lazarsfeld Gesellschaft,oe24,oe24,Online,1000,3.16,2024-04-15,2024-04-17,"Rohdaten. Original-Umfrage enthält Rohdaten, Werte der Parteien auf 100 Prozent ergänzt",https://www.oe24.at/oesterreich/politik/parteien/umfrage-oesterreich-steuert-auf-7-parteien-parlament-zu/592129028,21.7,20.0,33.3,10.0,6.7,8.3
2024-04-12,Österreich,2024019,Lazarsfeld Gesellschaft,oe24,oe24,Online,1000,3.2,2024-04-08,2024-04-10,"Rohdaten. Original-Umfrage enthält Rohdaten, Werte der Parteien auf 100 Prozent ergänzt",https://www.oe24.at/oesterreich/politik/parteien/umfrage-daempfer-fuer-fpoe-chef-kickl-bei-kanzlerfrage/591438079,24.2,19.4,30.6,9.7,6.5,9.7
2024-03-29,Österreich,2024017,Lazarsfeld Gesellschaft,oe24,oe24,Online,2000,,2024-03-25,2024-03-27,"geglättet mit Vorwoche. Original-Umfrage enthält Rohdaten, Werte der Parteien auf 100 Prozent ergänzt",https://www.oe24.at/oesterreich/politik/parteien/neueste-umfrage-jetzt-brisantes-duell-um-platz-2/590186255,22.6,18.3,31.2,11.8,6.5,9.7
2024-03-22,Österreich,2024015,Unique Research,Heute,Heute,Online,800,3.5,2024-03-18,2024-03-21,"Rohdaten. Original-Umfrage enthält Rohdaten, Werte der Parteien auf 100 Prozent ergänzt",https://www.oe24.at/oesterreich/politik/umfrage-aufwind-fuer-links-und-rechts/588862208,26.3,15.8,31.6,10.5,7.4,8.4
2024-03-21,Österreich,2024016,Lazarsfeld Gesellschaft,oe24,oe24,Online,2000,3.16,2024-03-18,2024-03-20,"Rohdaten. Original-Umfrage enthält Rohdaten, Werte der Parteien auf 100 Prozent ergänzt",https://www.oe24.at/oesterreich/politik/parteien/umfrage-vp-stuerzt-auf-19-ab-dankl-verschafft-kpoe-ein-plus/589558424,24.1,17.2,32.8,10.3,5.2,10.3
2024-03-15,Österreich,2024014,Lazarsfeld Gesellschaft,oe24,oe24,,1000,3.16,2024-03-11,2024-03-13,"Rohdaten. Original-Umfrage enthält Rohdaten, Werte der Parteien auf 100 Prozent ergänzt",https://www.oe24.at/oesterreich/politik/umfrage-aufwind-fuer-links-und-rechts/588862208,23.3,20.0,30.0,10.0,6.7,10.0
2024-03-01,Österreich,2024011,Peter Hajek,ATV/PULS24,ATV/PULS24,Online; Telefon,800,3.5,2024-02-26,2024-02-29,"Original-Umfrage enthält Rohdaten, Werte der Parteien auf 100 Prozent ergänzt",https://www.puls24.at/news/politik/oesterreich-trend-8-prozent-wuerden-dominik-wlazny-als-kanzler-waehlen/322309,27.3,18.2,31.3,10.1,5.1,8.1
2024-02-23,Österreich,2024010,Lazarsfeld Gesellschaft,oe24,oe24,Online,2000,,2024-02-19,2024-02-21,"Rohdaten, geglättet mit Vorwoche. Original-Umfrage enthält Rohdaten, Werte der Parteien auf 100 Prozent ergänzt",https://www.oe24.at/oesterreich/politik/parteien/umfrage-kickl-baut-ab-duell-mit-nehammer/586502747,26.2,19.7,27.9,9.8,6.6,9.8
2024-02-16,Österreich,2024009,Lazarsfeld Gesellschaft,oe24,oe24,Online,1000,3.16,2024-02-12,2024-02-14,"Rohdaten. Original-Umfrage enthält Rohdaten, Werte der Parteien auf 100 Prozent ergänzt",https://www.oe24.at/oesterreich/politik/parteien/nehammer-holt-kickl-in-kanzlerfrage-ein/585754771,25.8,21.0,25.8,9.7,6.5,11.3
2024-02-12,Österreich,2024008,Market,Der Standard,Der Standard,Online; Persönlich,800,,2024-02-05,2024-02-07,"Rohdaten. Original-Umfrage enthält Rohdaten, Werte der Parteien auf 100 Prozent ergänzt",https://www.derstandard.at/story/3000000206841/nur-16-prozent-sehen-gute-entwicklung-oesterreichs,23.6,20.8,29.2,9.7,6.9,9.7
2024-02-09,Österreich,2024007,Lazarsfeld Gesellschaft,oe24,oe24,Online,1000,3.16,2024-02-05,2024-02-07,"Rohdaten. Original-Umfrage enthält Rohdaten, Werte der Parteien auf 100 Prozent ergänzt",https://www.oe24.at/oesterreich/politik/parteien/umfrage-oevp-und-spoe-nach-mini-hoch-wieder-im-keller/584817665,25.0,16.7,31.7,10.0,6.7,10.0
2024-02-02,Österreich,2024006,Lazarsfeld Gesellschaft,oe24,oe24,Online,1000,3.16,2024-01-29,2024-01-31,"Rohdaten. Original-Umfrage enthält Rohdaten, Werte der Parteien auf 100 Prozent ergänzt",https://www.oe24.at/oesterreich/politik/parteien/umfrage-oevp-ueberholt-die-spoe-nach-nehammer-rede/584095122,26.5,17.6,29.4,10.3,5.9,10.3
2024-01-28,Österreich,2024004,OGM,Kurier,Kurier,Online,1036,3.0,2024-01-22,2024-01-26,"Rohdaten. Original-Umfrage enthält Rohdaten, Werte der Parteien auf 100 Prozent ergänzt",https://www.aom.apa.at/cgi-bin/aomalarm.pl?source=KURIER&date=20240128&key=KURIER_2024012833061800024,26.1,23.9,26.1,11.4,6.8,5.7
2024-01-27,Österreich,2024003,Lazarsfeld Gesellschaft,oe24,oe24,Online,2000,2.2,2024-01-22,2024-01-24,"Rohdaten. Original-Umfrage enthält Rohdaten, Werte der Parteien auf 100 Prozent ergänzt",https://www.aom.apa.at/cgi-bin/aomalarm.pl?source=OESTERREICH&date=20240127&key=OESTERREICH_20240127_FE9668CC62,23.4,20.3,29.7,9.4,6.2,10.9
2024-01-18,Österreich,2024001,OGM,Servus TV; Kronen Zeitung,ServusTV,Online,1005,3.1,2024-01-10,2024-01-12,"Rohdaten. Original-Umfrage enthält Rohdaten, Werte der Parteien auf 100 Prozent ergänzt",https://www.krone.at/3220130,26.5,25.3,27.7,10.8,9.6,
2023-12-29,Österreich,2023065,Lazarsfeld Gesellschaft,oe24,oe24,Online,2000,,2023-12-18,2023-12-27,"geglättet mit Vorwoche. Original-Umfrage enthält Rohdaten, Werte der Parteien auf 100 Prozent ergänzt",https://www.oe24.at/oesterreich/politik/parteien/sonntagsfrage-jetzt-wettlauf-um-platz-2/580187304,25.6,20.0,34.4,11.1,8.9,
2023-12-22,Österreich,2023064,Lazarsfeld Gesellschaft,oe24,oe24,Online,2000,2.2,2023-12-11,2023-12-20,"Original-Umfrage enthält Rohdaten, Werte der Parteien auf 100 Prozent ergänzt",https://www.aom.apa.at/cgi-bin/aomalarm.pl?source=OESTERREICH&date=20231223&key=OESTERREICH_20231223_DDEE1D2A29,23.1,23.1,34.1,11.0,8.8,
2023-12-15,Österreich,2023063,Lazarsfeld Gesellschaft,oe24,oe24,Online,2000,2.3,2023-12-11,2023-12-13,"geglättet mit der Vorwoche. Original-Umfrage enthält Rohdaten, Werte der Parteien auf 100 Prozent ergänzt",https://www.oe24.at/oesterreich/politik/aktuell/umfrage-oevp-schafft-es-wieder-ueber-20-marke/578816397,22.8,22.8,34.8,10.9,8.7,
2023-12-09,Österreich,2023062,Lazarsfeld Gesellschaft,oe24,oe24,Online,2000,2.2,2023-11-27,2023-12-06,"Original-Umfrage enthält Rohdaten, Werte der Parteien auf 100 Prozent ergänzt",https://www.aom.apa.at/cgi-bin/aomalarm.pl?source=OESTERREICH&date=20231209&key=OESTERREICH_20231209_4F9716D38B,25.6,21.1,33.3,11.1,8.9,
2023-12-01,Österreich,2023061,Lazarsfeld Gesellschaft,oe24,oe24,Online,2000,3.16,2023-11-27,2023-11-29,"geglättet mit Vorwoche. Original-Umfrage enthält Rohdaten, Werte der Parteien auf 100 Prozent ergänzt",https://www.oe24.at/oesterreich/politik/parteien/umfrage-beben-fpoe-springt-ueber-die-30-prozent-marke/577335209,26.4,23.1,31.9,11.0,7.7,
2023-11-27,Österreich,2023060,Market,Der Standard,Der Standard,Online,800,,2023-11-21,2023-11-23,"Rohdaten, 21 Prozent ""keinen davon"", Kickl im Text mit 19 und in der Grafik mit 20 Prozent. Original-Umfrage enthält Rohdaten, Werte der Parteien auf 100 Prozent ergänzt",https://www.derstandard.at/story/3000000196784/grosse-mehrheit-mit-politik-unzufrieden-aber-gegen-neuwahlen?ref=rss,23.2,18.8,27.5,13.0,7.2,10.1
2023-11-25,Österreich,2023059,Lazarsfeld Gesellschaft,oe24,oe24,Online,2000,2.2,2023-11-20,2023-11-22,"geglättet mit Vorwoche. Original-Umfrage enthält Rohdaten, Werte der Parteien auf 100 Prozent ergänzt",https://www.aom.apa.at/cgi-bin/aomalarm.pl?source=OESTERREICH&date=20231125&key=OESTERREICH_20231125_5333B72DF2,24.2,24.2,33.0,11.0,7.7,
2023-11-12,Österreich,2023057,Unique Research,profil,profil,Online; Telefon,800,3.5,2023-11-06,2023-11-09,"Rohdaten. Original-Umfrage enthält Rohdaten, Werte der Parteien auf 100 Prozent ergänzt",https://www.profil.at/umfrage/umfrage-mehrheiten-gegen-blau-gesucht/402663392,25.4,20.6,31.7,12.7,9.5,
2023-11-10,Österreich,2023056,Lazarsfeld Gesellschaft,oe24,oe24,Online,1000,3.16,2023-11-06,2023-11-08,"Rohdaten. Original-Umfrage enthält Rohdaten, Werte der Parteien auf 100 Prozent ergänzt",https://www.oe24.at/oesterreich/politik/aktuell/umfrage-fuer-platz-1-braeuchte-babler-spoe-jetzt-turbo/575036582,28.1,21.9,31.2,10.9,7.8,
2023-11-03,Österreich,2023055,Lazarsfeld Gesellschaft,oe24,oe24,Online,2000,,2023-10-27,2023-10-30,"geglättet mit Vorwoche. Original-Umfrage enthält Rohdaten, Werte der Parteien auf 100 Prozent ergänzt",https://www.oe24.at/oesterreich/politik/umfragen/umfrage-fpoe-weiter-klar-erste/574285962,25.8,22.5,31.5,11.2,9.0,
2023-10-30,Österreich,2023054,Market,Der Standard,Der Standard,Online,800,,2023-10-16,2023-10-19,"Rohdaten. Original-Umfrage enthält Rohdaten, Werte der Parteien auf 100 Prozent ergänzt",https://www.derstandard.at/story/3000000192652/umfrage-nehammer-in-kanzlerfrage-weit-hinter-kickl,21.7,23.3,31.7,16.7,6.7,
2023-10-16,Österreich,2023051,Peter Hajek,ATV/APA,ATV/APA,Online; Telefon,800,3.5,2023-10-09,2023-10-12,"Original-Umfrage enthält Rohdaten, Werte der Parteien auf 100 Prozent ergänzt",https://www.aom.apa.at/cgi-bin/aomalarm.pl?source=APA&date=20231016&key=APA_20231016_APA0063,25.3,20.2,32.3,13.1,9.1,
2023-10-13,Österreich,2023050,Lazarsfeld Gesellschaft,oe24,oe24,Online,1000,3.16,2023-10-09,2023-10-11,"Rohdaten. Original-Umfrage enthält Rohdaten, Werte der Parteien auf 100 Prozent ergänzt",https://www.oe24.at/oesterreich/politik/umfragen/umfrage-fpoe-haengt-spoe-und-oevp-ab/572083184,25.0,23.4,31.2,10.9,9.4,
2023-10-06,Österreich,2023049,Lazarsfeld Gesellschaft,oe24,oe24,Online,1000,3.16,2023-10-02,2023-10-04,"Rohdaten. Original-Umfrage enthält Rohdaten, Werte der Parteien auf 100 Prozent ergänzt",https://www.oe24.at/oesterreich/politik/umfragen/umfrage-oevp-absturz-nach-nehammers-burger-eklat/571289611,25.0,28.1,29.7,9.4,7.8,
2023-09-29,Österreich,2023048,Lazarsfeld Gesellschaft,oe24,oe24,Online,1000,3.16,2023-09-25,2023-09-27,"Rohdaten. Original-Umfrage enthält Rohdaten, Werte der Parteien auf 100 Prozent ergänzt",https://www.oe24.at/oesterreich/politik/aktuell/kanzler-nehammer-mit-kickl-kopf-an-kopf/570446993,27.7,24.6,29.2,10.8,7.7,
2023-09-25,Österreich,2023047,Market,Der Standard,Der Standard,Online,800,,2023-09-18,2023-09-20,"Rohdaten. Original-Umfrage enthält Rohdaten, Werte der Parteien auf 100 Prozent ergänzt",https://www.derstandard.at/story/3000000188274/umfrage-sieht-fpoe-auf-platz-eins-und-nur-noch-ein-drittel-hinter-der-regierung,28.8,19.7,25.8,12.1,6.1,7.6
2023-09-22,Österreich,2023046,Lazarsfeld Gesellschaft,oe24,oe24,Online,1000,3.16,2023-09-18,2023-09-20,"Rohdaten. Original-Umfrage enthält Rohdaten, Werte der Parteien auf 100 Prozent ergänzt",https://www.oe24.at/oesterreich/politik/aktuell/umfrage-babler-spoe-laesst-oevp-klar-hinter-sich/569656453,27.9,24.6,32.8,8.2,6.6,
2023-09-17,Österreich,2023045,OGM,Kurier,Kurier,Online,1029,3.1,2023-09-11,2023-09-14,"Rohdaten. Original-Umfrage enthält Rohdaten, Werte der Parteien auf 100 Prozent ergänzt",https://kurier.at/politik/inland/umfrage-nationalratswahl-kurz-comeback-zinsen-markteingriffe/402595721,28.9,26.5,26.5,12.0,6.0,
2023-09-16,Österreich,2043044,Unique Research,profil,profil,Online; Telefon,800,3.5,2023-09-11,2023-09-14,"Rohdaten. Original-Umfrage enthält Rohdaten, Werte der Parteien auf 100 Prozent ergänzt",https://www.profil.at/oesterreich/profil-umfrage-fpoe-zieht-davon/402595727,30.8,20.0,30.8,12.3,6.2,
2023-09-16,Österreich,2023043,Lazarsfeld Gesellschaft,oe24,oe24,Online,2000,2.2,2023-09-11,2023-09-13,"Rohdaten. Original-Umfrage enthält Rohdaten, Werte der Parteien auf 100 Prozent ergänzt",https://www.oe24.at/oesterreich/politik/umfragen/umfrage-hartes-duell-zwischen-oevp-und-spoe-um-platz-2/568907068,27.1,25.4,30.5,8.5,8.5,
2023-09-08,Österreich,2023042,Lazarsfeld Gesellschaft,oe24,oe24,Online,2000,2.2,2023-09-05,2023-09-06,"Rohdaten. Original-Umfrage enthält Rohdaten, Werte der Parteien auf 100 Prozent ergänzt",https://www.oe24.at/oesterreich/politik/umfragen/umfrage-fpoe-haelt-schon-zweite-woche-den-30er/568189406,27.4,22.6,32.3,9.7,8.1,
2023-09-01,Österreich,2023041,Lazarsfeld Gesellschaft,oe24,oe24,Online,2000,2.2,2023-08-28,2023-08-30,"Rohdaten. Original-Umfrage enthält Rohdaten, Werte der Parteien auf 100 Prozent ergänzt",https://www.oe24.at/oesterreich/politik/umfragen/kanzlerfrage-kickl-distanziert-jetzt-nehammer/567486846,27.0,20.6,33.3,9.5,9.5,
2023-07-23,Österreich,2023040,OGM,Kurier,Kurier,Online,920,3.2,2023-07-18,2023-07-20,"Rohdaten. Original-Umfrage enthält Rohdaten, Werte der Parteien auf 100 Prozent ergänzt",https://kurier.at/politik/inland/ogm-spoe-oevp-normal-kickl-kanzlerfrage-gruene-neos-normaldenken/402531691,30.7,27.3,23.9,9.1,9.1,
2023-07-14,Österreich,2023038,Lazarsfeld Gesellschaft,oe24,oe24,Online,2000,,2023-07-10,2023-07-12,"Rohdaten. Original-Umfrage enthält Rohdaten, Werte der Parteien auf 100 Prozent ergänzt",https://www.aom.apa.at/cgi-bin/aomalarm.pl?source=OESTERREICH&date=20230714&key=OESTERREICH_20230714_600BA0AFA9,30.6,21.0,30.6,11.3,6.5,
2023-07-07,Österreich,2023037,Lazarsfeld Gesellschaft,oe24,oe24,Online,2000,3.16,2023-07-03,2023-07-05,"Rohdaten. Original-Umfrage enthält Rohdaten, Werte der Parteien auf 100 Prozent ergänzt",https://www.oe24.at/oesterreich/politik/umfrage-beben-fpoe-und-spoe-haengen-oevp-klar-ab/561922243,30.2,20.6,31.7,7.9,9.5,
2023-06-30,Österreich,2023036,Lazarsfeld Gesellschaft,oe24,oe24,Online,1000,3.16,2023-06-26,2023-06-28,"Rohdaten. Original-Umfrage enthält Rohdaten, Werte der Parteien auf 100 Prozent ergänzt",https://www.oe24.at/oesterreich/politik/umfrage-kickl-knapp-vor-babler/561107175,27.7,24.6,29.2,9.2,9.2,
2023-06-30,Österreich,2023035,Unique Research,Heute,Heute,Online; Telefon,804,3.5,2023-06-26,2023-06-29,"Rohdaten. Original-Umfrage enthält Rohdaten, Werte der Parteien auf 100 Prozent ergänzt",https://www.heute.at/s/babler-unbeliebt-wie-rendi-oesterreicher-wollen-kickl-100279174,28.4,20.9,31.3,10.4,9.0,
2023-06-25,Österreich,2023034,OGM,Kurier,Kurier,Online,930,3.2,2023-06-19,2023-06-22,"Rohdaten. Original-Umfrage enthält Rohdaten, Werte der Parteien auf 100 Prozent ergänzt",https://www.ogm.at/2023/06/25/umfrage-babler-sp-auf-2-platz/,29.1,27.9,26.7,9.3,7.0,
2023-06-23,Österreich,2023033,Peter Hajek,ATV/APA,ATV,Online; Telefon,800,3.5,2023-06-19,2023-06-22,"Original-Umfrage enthält Rohdaten, Werte der Parteien auf 100 Prozent ergänzt",https://www.aom.apa.at/cgi-bin/aomalarm.pl?source=APA&date=20230623&key=APA_20230623_APA0025,32.7,20.4,31.6,8.2,7.1,
2023-06-23,Österreich,2023032,Lazarsfeld Gesellschaft,oe24,oe24,Online,2000,2.2,2023-06-19,2023-06-21,"""weiß nicht"" am Samstag ergänzt (wr). Original-Umfrage enthält Rohdaten, Werte der Parteien auf 100 Prozent ergänzt",https://www.oe24.at/oesterreich/politik/umfrage-oevp-stuerzt-auf-platz-3-ab-spoe-babler-im-aufwind/560274418,27.4,24.2,30.6,8.1,9.7,
2023-06-17,Österreich,2023031,Unique Research,profil,profil,Online; Telefon,800,3.5,2023-06-12,2023-06-15,"Rohdaten. Original-Umfrage enthält Rohdaten, Werte der Parteien auf 100 Prozent ergänzt",https://www.profil.at/oesterreich/profil-monatsumfrage-spoe-rutscht-ab/402488594,31.8,22.7,28.8,9.1,7.6,
2023-06-16,Österreich,2023030,Lazarsfeld Gesellschaft,oe24,oe24,Online,1000,3.16,2023-06-12,2023-06-14,"Methode, Schwankung, Link, Schwankung, ""NEOS""/""Grüne""/""Weiß nicht"" ergänzt, ""befragt"" korrigiert. Original-Umfrage enthält Rohdaten, Werte der Parteien auf 100 Prozent ergänzt",https://www.oe24.at/oesterreich/politik/umfragen/umfrage-babler-ueberholt-nehammer/559611970,24.6,26.2,34.4,8.2,6.6,
2023-06-09,Österreich,2023029,Lazarsfeld Gesellschaft,oe24,oe24,Online,1000,,2023-06-05,2023-06-07,"Rohdaten. Original-Umfrage enthält Rohdaten, Werte der Parteien auf 100 Prozent ergänzt",https://www.aom.apa.at/cgi-bin/aomalarm.pl?source=OESTERREICH&date=20230609&key=OESTERREICH_20230609_EA91B2377E,33.3,17.5,29.8,10.5,8.8,
2023-05-27,Österreich,2023028,Lazarsfeld Gesellschaft,oe24,oe24,Online,1000,,2023-05-22,2023-05-24,"Rohdaten. Original-Umfrage enthält Rohdaten, Werte der Parteien auf 100 Prozent ergänzt",https://www.aom.apa.at/cgi-bin/aomalarm.pl?source=OESTERREICH&date=20230527&key=OESTERREICH_20230527_2853D3E654,27.6,24.1,31.0,8.6,8.6,
2023-05-23,Österreich,2024027,Triple M Matzka,News,News,Online,800,3.5,2024-05-03,2024-05-07,"Rohdaten. Original-Umfrage enthält Rohdaten, Werte der Parteien auf 100 Prozent ergänzt",https://www.aom.apa.at/cgi-bin/aomalarm.pl?source=NEWS&date=20240523&key=NEWS_20240523_ARTICLE_16_1,23.3,19.2,28.8,11.0,5.5,12.3
2023-05-20,Österreich,2023027,Lazarsfeld Gesellschaft,oe24,oe24,Online,1000,3.16,2023-05-15,2023-05-16,"Rohdaten. Original-Umfrage enthält Rohdaten, Werte der Parteien auf 100 Prozent ergänzt",https://www.oe24.at/oesterreich/politik/umfragen/umfrage-kanzler-duell-wird-wieder-zu-drei-kampf/556332156,27.6,25.9,29.3,8.6,8.6,
2023-05-13,Österreich,2023026,Lazarsfeld Gesellschaft,oe24,oe24,Online,1000,3.16,2023-10-08,2023-05-10,"Rohdaten. Original-Umfrage enthält Rohdaten, Werte der Parteien auf 100 Prozent ergänzt",https://www.oe24.at/oesterreich/politik/umfragen/fpoe-minus-in-umfrage-spannung-im-spitzen-duell-mit-spoe/555543555,29.3,20.7,29.3,8.6,12.1,
2023-05-07,Österreich,2023025,OGM,Kurier,Kurier,Online,2289,2.0,2023-04-24,2023-05-04,"Rohdaten, Zwei Befragungswellen: April (n=1216), Mai (n=1073). Original-Umfrage enthält Rohdaten, Werte der Parteien auf 100 Prozent ergänzt",https://kurier.at/politik/inland/neue-sonntagsfrage-ohne-fpoe-ist-regierungsbildung-kaum-mehr-moeglich/402439563,32.0,21.3,29.3,9.3,8.0,
2023-05-05,Österreich,2023024,Lazarsfeld Gesellschaft,oe24,oe24,Online,2000,2.2,2023-04-28,2023-05-03,"Rohdaten, 1.000er Sample mit Umfrage der Vorwoche geglättet. Original-Umfrage enthält Rohdaten, Werte der Parteien auf 100 Prozent ergänzt",https://www.oe24.at/oesterreich/politik/aktuell/kickl-ist-umfrage-kanzler/554561019,27.1,22.0,30.5,8.5,11.9,
2023-04-28,Österreich,2023023,Peter Hajek,ATV/APA,ATV,Online; Telefon,800,3.5,2023-04-24,2023-04-27,,https://www.aom.apa.at/cgi-bin/aomalarm.pl?source=APA&date=20230428&key=APA_20230428_APA0190,32.0,20.0,28.0,9.0,11.0,
2023-04-15,Österreich,2023021,Unique Research,profil,profil,Online; Telefon,800,3.5,2023-04-11,2023-04-13,"Original-Umfrage enthält Rohdaten, Werte der Parteien auf 100 Prozent ergänzt",https://www.profil.at/umfrage/umfrage-spoe-faellt-auf-platz-3-zurueck-fpoe-weiter-in-fuehrung/402411419,31.7,19.0,28.6,9.5,11.1,
2023-04-14,Österreich,2023020,Lazarsfeld Gesellschaft,oe24,oe24,Online,2000,2.2,2023-04-07,2023-04-12,"1.000er Sample mit Umfrage der Vorwoche geglättet. Original-Umfrage enthält Rohdaten, Werte der Parteien auf 100 Prozent ergänzt",https://www.oe24.at/oesterreich/politik/umfragen/umfrage-wunder-spoe-holt-auf/552166980,28.1,24.6,28.1,10.5,8.8,
2023-04-07,Österreich,2023019,Lazarsfeld Gesellschaft,oe24,oe24,Online,2000,,2023-04-03,2023-04-05,"1.000er Sample mit Umfrage der Vorwoche geglättet. Original-Umfrage enthält Rohdaten, Werte der Parteien auf 100 Prozent ergänzt",https://www.oe24.at/oesterreich/politik/umfragen/kickls-fpoe-klar-erste/551408882,30.6,21.2,28.2,10.6,9.4,
2023-03-26,Österreich,2023018,OGM,Kurier,Kurier,Online,1038,3.4,2023-03-20,2023-03-23,"Original-Umfrage enthält Rohdaten, Werte der Parteien auf 100 Prozent ergänzt",https://kurier.at/politik/inland/neue-sonntagsfrage-fpoe-baut-vorsprung-aus-oevp-zieht-mit-spoe-gleich/402378381,30.1,24.1,27.7,9.6,8.4,
2023-03-11,Österreich,2023017,Unique Research,profil,profil,Online; Telefon,800,3.5,2023-03-06,2023-03-09,"Rohdaten. Original-Umfrage enthält Rohdaten, Werte der Parteien auf 100 Prozent ergänzt",https://www.profil.at/oesterreich/profil-umfrage-fpoe-knackt-die-30-prozent-marke/402359841,30.2,23.8,30.2,7.9,7.9,
2023-03-10,Österreich,2023016,Lazarsfeld Gesellschaft,oe24,oe24,Online,2000,2.2,2023-03-06,2023-03-07,"Rohdaten. Original-Umfrage enthält Rohdaten, Werte der Parteien auf 100 Prozent ergänzt",Kärnten-Wahl verleiht ÖVP Flügel (oe24.at),31.7,22.2,28.6,9.5,7.9,
2023-03-04,Österreich,2023015,Lazarsfeld Gesellschaft,oe24,oe24,Online,2000,2.2,2023-02-27,2023-03-01,"Original-Umfrage enthält Rohdaten, Werte der Parteien auf 100 Prozent ergänzt",https://www.oe24.at/oesterreich/politik/umfragen/oevp-vor-kaernten-wahl-im-jammertal/547540752,29.1,22.1,30.2,9.3,9.3,
2023-02-20,Österreich,2023012,OGM,Kurier,Kurier,Online,1043,3.4,2023-02-12,2023-02-16,"Original-Umfrage enthält Rohdaten, Werte der Parteien auf 100 Prozent ergänzt",https://kurier.at/politik/inland/der-vorsprung-des-hans-peter-doskozil/402335151,30.1,24.1,25.3,12.0,8.4,
2023-02-18,Österreich,2023011,Unique Research,profil,profil,Online; Telefon,800,3.5,2023-02-13,2023-02-16,"Rohdaten, Angaben auf profil.at falsch, korrektur auf Basis E-Mail Hajek. Original-Umfrage enthält Rohdaten, Werte der Parteien auf 100 Prozent ergänzt",https://www.profil.at/oesterreich/profil-umfrage-fpoe-legt-weiter-zu-oevp-mit-leichtem-plus/402332640,29.5,24.6,27.9,9.8,8.2,
2023-02-17,Österreich,2023010,Lazarsfeld Gesellschaft,oe24,oe24,Online,2000,2.2,2023-02-13,2023-02-14,"Rohdaten. Original-Umfrage enthält Rohdaten, Werte der Parteien auf 100 Prozent ergänzt",https://www.oe24.at/oesterreich/politik/aktuell/umfrage-oevp-unter-20-festgenagelt/545771792,29.0,21.0,29.0,11.3,9.7,
2023-02-10,Österreich,2023008,Lazarsfeld Gesellschaft,oe24,oe24,Online,2000,2.2,2023-02-06,2023-02-08,"Rohdaten. Original-Umfrage enthält Rohdaten, Werte der Parteien auf 100 Prozent ergänzt",https://www.oe24.at/oesterreich/politik/umfragen/oevp-unter-20-fpoe-kratzt-am-30er/544979950,29.5,21.3,29.5,11.5,8.2,
2023-02-03,Österreich,2023007,Lazarsfeld Gesellschaft,oe24,oe24,Online,2000,,2023-01-30,2023-02-01,"Rohdaten, 1.000er Sample mit Umfrage der Vorwoche geglättet. Original-Umfrage enthält Rohdaten, Werte der Parteien auf 100 Prozent ergänzt",https://www.oe24.at/oesterreich/politik/parteien/umfrage-fpoe-schon-bei-29-prozent/544201512,28.6,22.2,30.2,11.1,7.9,
2023-01-26,Österreich,2023006,Lazarsfeld Gesellschaft,oe24,oe24,Online,2000,,2023-01-23,2023-01-25,"Rohdaten. Original-Umfrage enthält Rohdaten, Werte der Parteien auf 100 Prozent ergänzt",https://www.oe24.at/oesterreich/politik/parteien/umfrage-kickl-zieht-davon/543426105,29.0,24.2,29.0,9.7,8.1,
2023-01-21,Österreich,2023004,Unique Research,profil,profil,Online,800,4.4,2023-01-16,2023-01-19,"Rohdaten. Original-Umfrage enthält Rohdaten, Werte der Parteien auf 100 Prozent ergänzt",https://www.profil.at/oesterreich/umfrage-fpoe-zieht-spoe-davon/402298622,32.3,19.4,27.4,9.7,11.3,
2023-01-20,Österreich,2023003,Lazarsfeld Gesellschaft,oe24,oe24,Online,2000,2.2,2023-01-16,2023-01-18,"Rohdaten, 1.000er Sample mit Umfrage der Vorwoche geglättet. Original-Umfrage enthält Rohdaten, Werte der Parteien auf 100 Prozent ergänzt",https://www.oe24.at/oesterreich/politik/umfrage-kickl-gewinnt-duell-um-nummer-1/542674396,29.0,24.2,29.0,9.7,8.1,
2023-01-19,Österreich,2023005,OGM,ServusTV,ServusTV,Online,1002,3.1,2023-01-16,2023-01-18,"Original-Umfrage enthält Rohdaten, Werte der Parteien auf 100 Prozent ergänzt",https://www.servustv.com/aktuelles/v/aazph89t60f00hf1me22/,27.4,25.0,26.2,13.1,8.3,
2023-01-12,Österreich,2023002,Lazarsfeld Gesellschaft,oe24,oe24,Online,2000,2.2,2023-01-09,2023-01-11,"Rohdaten, 1.000er Sample mit Umfrage der Vorwoche geglättet. Original-Umfrage enthält Rohdaten, Werte der Parteien auf 100 Prozent ergänzt",https://www.oe24.at/oesterreich/politik/aktuell/umfrage-rot-blaues-duell-um-platz-1/541898538,27.9,24.6,31.1,8.2,8.2,
2023-01-07,Österreich,2023001,Lazarsfeld Gesellschaft,oe24,oe24,Online,2000,2.2,2023-01-02,2023-01-04,"Rohdaten, 1.000er Sample mit Umfrage der Vorwoche geglättet. Original-Umfrage enthält Rohdaten, Werte der Parteien auf 100 Prozent ergänzt",https://www.oe24.at/oesterreich/politik/aktuell/kickl-raeumt-bei-kanzlerfrage-ab/541282841,26.2,26.2,29.5,9.8,8.2,
2022-12-23,Österreich,2022079,Lazarsfeld Gesellschaft,oe24,oe24,Online,2000,2.2,2022-12-19,2022-12-21,"Rohdaten, 1.000er Sample mit Umfrage der Vorwoche geglättet. Original-Umfrage enthält Rohdaten, Werte der Parteien auf 100 Prozent ergänzt",https://www.oe24.at/oesterreich/politik/parteien/umfrage-daempfer-zum-fest-fuer-kickl/539850655,28.6,28.6,25.4,9.5,7.9,
2022-12-18,Österreich,2022077,Peter Hajek,ATV/APA,ATV,Online; Telefon,800,3.5,2022-12-12,2022-12-15,"Original-Umfrage enthält Rohdaten, Werte der Parteien auf 100 Prozent ergänzt",https://www.aom.apa.at/cgi-bin/aomalarm.pl?source=APA&date=20221218&key=APA_20221218_APA0035,30.3,22.2,25.3,12.1,10.1,
2022-12-15,Österreich,2022076,Lazarsfeld Gesellschaft,oe24,oe24,Online,2000,2.2,2022-12-12,2022-12-14,"Rohdaten, 1.000er Sample mit Umfrage der Vorwoche geglättet. Original-Umfrage enthält Rohdaten, Werte der Parteien auf 100 Prozent ergänzt",https://www.oe24.at/oesterreich/politik/parteien/umfrage-hammer-fpoe-schon-bei-30/539083650,27.3,27.3,27.3,9.1,9.1,
2022-12-10,Österreich,2022073,Unique Research,profil,profil,Online; Telefon,800,3.5,2022-12-02,2022-12-07,"Rohdaten. Original-Umfrage enthält Rohdaten, Werte der Parteien auf 100 Prozent ergänzt",https://www.profil.at/oesterreich/umfrage-fpoe-holt-spoe-ein/402254502,31.0,25.9,25.9,6.9,10.3,
2022-11-25,Österreich,2022070,Lazarsfeld Gesellschaft,oe24,oe24,Online,2000,2.2,2022-11-14,2022-11-23,"Rohdaten. Original-Umfrage enthält Rohdaten, Werte der Parteien auf 100 Prozent ergänzt",https://www.aom.apa.at/cgi-bin/aomalarm.pl?source=OESTERREICH&date=20221125&key=OESTERREICH_20221125_569A571C38,27.6,27.6,27.6,8.6,8.6,
2022-11-12,Österreich,2022062,Unique Research,profil,profil,Telefon; Online,800,3.5,2022-11-07,2022-11-10,"Rohdaten. Original-Umfrage enthält Rohdaten, Werte der Parteien auf 100 Prozent ergänzt",https://www.profil.at/oesterreich/umfrage-fpoe-legt-weiter-zu-spoe-verliert-leicht/402215712,31.1,26.2,21.3,11.5,9.8,
2022-11-11,Österreich,2022060,Lazarsfeld Gesellschaft,oe24,oe24,Online,2000,2.2,2022-11-07,2022-11-09,"Rohdaten. Original-Umfrage enthält Rohdaten, Werte der Parteien auf 100 Prozent ergänzt",https://www.aom.apa.at/cgi-bin/aomalarm.pl?source=OESTERREICH&date=20221111&key=OESTERREICH_20221111_1C773B5FB5,27.9,27.9,23.0,9.8,11.5,
2022-11-04,Österreich,2022059,Lazarsfeld Gesellschaft,oe24,oe24,Online,2000,,2022-10-31,2022-11-02,"Summe ergibt 101 % . Original-Umfrage enthält Rohdaten, Werte der Parteien auf 100 Prozent ergänzt",https://www.aom.apa.at/cgi-bin/aomalarm.pl?source=OESTERREICH&date=20221104&key=OESTERREICH_20221104_5A7BB06BE7,27.1,28.8,25.4,8.5,10.2,
2022-10-21,Österreich,2022054,Lazarsfeld Gesellschaft,oe24,oe24,Online,2000,2.2,2022-10-17,2022-10-19,"Rohdaten. Original-Umfrage enthält Rohdaten, Werte der Parteien auf 100 Prozent ergänzt",https://www.oe24.at/oesterreich/politik/umfragen/fpoe-jetzt-mit-spoe-im-duell-um-platz-1/533847809,28.8,28.8,23.7,10.2,8.5,
2022-10-15,Österreich,2022053,Unique Research,profil,profil,Online; Telefon,800,3.5,2022-10-10,2022-10-13,"Rohdaten. Original-Umfrage enthält Rohdaten, Werte der Parteien auf 100 Prozent ergänzt",https://www.aom.apa.at/cgi-bin/aomalarm.pl?source=OTS&date=20221015&key=OTS_20221015_OTS0003,33.9,27.4,21.0,11.3,6.5,
2022-10-08,Österreich,2022051,Lazarsfeld Gesellschaft,oe24,oe24,Online,2000,2.2,2022-09-26,2022-10-05,"Rohdaten. Original-Umfrage enthält Rohdaten, Werte der Parteien auf 100 Prozent ergänzt",https://www.aom.apa.at/cgi-bin/aomalarm.pl?source=OESTERREICH&date=20221008&key=OESTERREICH_20221008_5CA59A7FF3,30.0,28.3,23.3,8.3,10.0,
2022-10-02,Österreich,2022050,OGM,Kurier,Kurier,Online,1098,3.0,2022-09-23,2022-09-28,"Original-Umfrage enthält Rohdaten, Werte der Parteien auf 100 Prozent ergänzt",KURIER_202210022561380007&date=20221002,28.4,30.9,19.8,12.3,8.6,
2022-09-17,Österreich,2022047,Unique Research,profil; Heute,profil; Heute,Online; Telefon,1600,2.5,2022-09-07,2022-09-15,"Rohdaten, Befragte: 1000 Online, 600 Telefon. Original-Umfrage enthält Rohdaten, Werte der Parteien auf 100 Prozent ergänzt",https://www.unique-research.at/post/profil-umfrage-w%C3%A4hlertrend-september-2022,28.8,27.1,25.4,10.2,8.5,
2022-08-21,Österreich,2022043,Unique Research/Peter Hajek,ATV/APA,ATV,Telefon; Online,1615,2.4,2022-08-10,2022-08-18,"Rohdaten. Original-Umfrage enthält Rohdaten, Werte der Parteien auf 100 Prozent ergänzt",https://www.profil.at/oesterreich/gedraenge-um-die-hofburg-und-ein-top-favorit/402117471,26.8,28.6,21.4,12.5,10.7,
2022-08-12,Österreich,2022040,Lazarsfeld-Gesellschaft,oe24,oe24,Online,2000,2.24,2022-08-08,2022-08-09,"Rohdaten. Original-Umfrage enthält Rohdaten, Werte der Parteien auf 100 Prozent ergänzt",https://www.aom.apa.at/cgi-bin/aomalarm.pl?source=OESTERREICH&date=20220812&key=OESTERREICH_20220812_1454345F21,28.8,33.9,18.6,8.5,10.2,
2022-08-08,Österreich,2022039,Lazarsfeld-Gesellschaft,oe24,oe24,Online,2000,2.24,2022-08-01,2022-08-02,"Rohdaten. Original-Umfrage enthält Rohdaten, Werte der Parteien auf 100 Prozent ergänzt",https://www.aom.apa.at/cgi-bin/aomalarm.pl?source=OESTERREICH&date=20220807&key=OESTERREICH_20220807_E7759E90D7,29.5,31.1,19.7,9.8,9.8,
2022-08-05,Österreich,2022038,Lazarsfeld-Gesellschaft,oe24,oe24,Online,2000,2.24,2022-07-25,2022-08-02,"Rohdaten. Original-Umfrage enthält Rohdaten, Werte der Parteien auf 100 Prozent ergänzt",https://www.aom.apa.at/cgi-bin/aomalarm.pl?source=OESTERREICH&date=20220805&key=OESTERREICH_20220805_31EFA8EDBB,29.5,31.1,19.7,9.8,9.8,
2022-07-29,Österreich,2022037,Lazarsfeld-Gesellschaft,oe24,oe24,Online,2000,2.24,2022-07-18,2022-07-27,"Rohdaten. Original-Umfrage enthält Rohdaten, Werte der Parteien auf 100 Prozent ergänzt",https://www.aom.apa.at/cgi-bin/aomalarm.pl?source=OESTERREICH&date=20220729&key=OESTERREICH_20220729_53141AA2FB,28.8,30.5,22.0,10.2,8.5,
2022-07-22,Österreich,2022036,Lazarsfeld-Gesellschaft,oe24,oe24,Online,2000,2.24,2022-07-18,2022-07-21,"Rohdaten, Schwankung bei 2,3 laut Print-Ausgabe. Original-Umfrage enthält Rohdaten, Werte der Parteien auf 100 Prozent ergänzt",https://www.aom.apa.at/cgi-bin/aomalarm.pl?source=OESTERREICH&date=20220722&key=OESTERREICH_20220722_7FA7287AA1,28.1,29.8,21.1,10.5,10.5,
2022-07-16,Österreich,2022035,Unique Research,profil,profil,Telefon; Online,800,3.5,2022-07-11,2022-07-14,"Rohdaten, Die OTS-FPÖ-Angabe stimmt nicht mit der abgedruckten Umfrage überein - OTS vermutl. Tippfehler. Original-Umfrage enthält Rohdaten, Werte der Parteien auf 100 Prozent ergänzt",https://www.aom.apa.at/cgi-bin/aomalarm.pl?source=OTS&date=20220716&key=OTS_20220716_OTS0005,31.0,27.6,20.7,10.3,10.3,
2022-07-08,Österreich,2022032,Lazarsfeld-Gesellschaft,oe24,oe24,Online,2000,,2022-07-04,2022-07-06,"Rohdaten. Original-Umfrage enthält Rohdaten, Werte der Parteien auf 100 Prozent ergänzt",https://www.aom.apa.at/cgi-bin/aomalarm.pl?source=OESTERREICH&date=20220708&key=OESTERREICH_20220708_B61BE1A38A,33.3,26.3,21.1,10.5,8.8,
2022-07-03,Österreich,2022031,Peter Hajek,ATV/APA,ATV,Telefon; Online,800,3.5,2022-06-27,2022-06-30,,https://www.aom.apa.at/cgi-bin/aomalarm.pl?source=APA&date=20220703&key=APA_20220703_APA0011,32.0,29.0,20.0,10.0,9.0,
2022-07-01,Österreich,2022030,Lazarsfeld-Gesellschaft,oe24,oe24,Online,2000,2.24,2022-06-20,2022-07-03,"Rohdaten, Befragung in der KW25/26 2022. Original-Umfrage enthält Rohdaten, Werte der Parteien auf 100 Prozent ergänzt",https://www.aom.apa.at/cgi-bin/aomalarm.pl?source=OESTERREICH&date=20220701&key=OESTERREICH_20220701_3CEEDA6E91,33.9,28.8,18.6,10.2,8.5,
2022-06-26,Österreich,2022028,OGM,Kurier,Kurier,Online,1015,3.1,2022-06-20,2022-06-23,"Original-Umfrage enthält Rohdaten, Werte der Parteien auf 100 Prozent ergänzt",https://www.aom.apa.at/cgi-bin/aomalarm.pl?source=KURIER&date=20220626&key=KURIER_2022062637335090007,32.1,31.0,16.7,11.9,8.3,
2022-06-24,Österreich,2022026,Lazarsfeld-Gesellschaft,oe24,oe24,Online,2000,2.24,2022-06-13,2022-06-26,"Rohdaten, Befragung in der KW 24/25 2022. Original-Umfrage enthält Rohdaten, Werte der Parteien auf 100 Prozent ergänzt",https://www.aom.apa.at/cgi-bin/aomalarm.pl?source=OESTERREICH&date=20220624&key=OESTERREICH_20220624_0614AFC8C3,35.0,28.3,18.3,10.0,8.3,
2022-06-16,Österreich,2022025,Lazarsfeld-Gesellschaft,oe24,oe24,Online,2000,2.24,2022-06-13,2022-06-14,"Rohdaten. Original-Umfrage enthält Rohdaten, Werte der Parteien auf 100 Prozent ergänzt",https://www.aom.apa.at/cgi-bin/aomalarm.pl?source=OESTERREICH&date=20220619&key=OESTERREICH_20220619_98D7B7F6A8,33.3,26.7,20.0,11.7,8.3,
2022-06-11,Österreich,2022024,Unique Research,profil,profil,Telefon; Online,800,3.5,2022-06-07,2022-06-09,"Rohdaten. Original-Umfrage enthält Rohdaten, Werte der Parteien auf 100 Prozent ergänzt",https://www.aom.apa.at/cgi-bin/aomalarm.pl?source=OTS&date=20220611&key=OTS_20220611_OTS0008,30.0,30.0,21.7,10.0,8.3,
2022-06-10,Österreich,2022023,Lazarsfeld-Gesellschaft,oe24,oe24,Online,1000,,2022-06-07,2022-06-08,"Rohdaten. Original-Umfrage enthält Rohdaten, Werte der Parteien auf 100 Prozent ergänzt",https://www.aom.apa.at/cgi-bin/aomalarm.pl?source=OESTERREICH&date=20220610&key=OESTERREICH_20220610_3430A16DD0,32.8,29.3,19.0,10.3,8.6,
2022-06-05,Österreich,2022022,Lazarsfeld-Gesellschaft,oe24,oe24,Online,2000,2.24,2022-05-23,2022-06-05,"Rohdaten. Original-Umfrage enthält Rohdaten, Werte der Parteien auf 100 Prozent ergänzt",https://www.aom.apa.at/cgi-bin/aomalarm.pl?source=OESTERREICH&date=20220605&key=OESTERREICH_20220605_172380E884,33.9,28.8,18.6,10.2,8.5,
2022-06-03,Österreich,2022021,Lazarsfeld-Gesellschaft,oe24,oe24,Online,2000,,2022-05-30,2022-06-05,"Rohdaten. Original-Umfrage enthält Rohdaten, Werte der Parteien auf 100 Prozent ergänzt",https://www.aom.apa.at/cgi-bin/aomalarm.pl?source=OESTERREICH&date=20220603&key=OESTERREICH_20220603_0017B77969,33.9,28.8,18.6,10.2,8.5,
2022-05-31,Österreich,2022020,Lazarsfeld-Gesellschaft,oe24,oe24,Online,2000,2.24,2022-05-16,2022-05-29,"Rohdaten. Original-Umfrage enthält Rohdaten, Werte der Parteien auf 100 Prozent ergänzt",https://www.aom.apa.at/cgi-bin/aomalarm.pl?source=OESTERREICH&date=20220531&key=OESTERREICH_20220531_5F410FC728,33.9,28.8,18.6,10.2,8.5,
2022-05-14,Österreich,2022017,Unique Research,profil,profil,Telefon; Online,800,3.5,2022-05-09,2022-05-12,"Rohdaten. Original-Umfrage enthält Rohdaten, Werte der Parteien auf 100 Prozent ergänzt",https://www.aom.apa.at/cgi-bin/aomalarm.pl?source=OTS&date=20220514&key=OTS_20220514_OTS0009,31.7,26.7,21.7,10.0,10.0,
2022-05-08,Österreich,2022015,OGM,Kurier,Kurier,Online,1000,3.0,2022-04-29,2022-05-05,"Original-Umfrage enthält Rohdaten, Werte der Parteien auf 100 Prozent ergänzt",https://www.aom.apa.at/cgi-bin/aomalarm.pl?source=KURIER&date=20220508&key=KURIER_2022050810196130009,34.6,27.2,18.5,11.1,8.6,
2022-05-05,Österreich,2022013,IFDD,Puls 24,Puls 24,Online,790,3.5,2022-04-30,2022-05-04,,https://www.aom.apa.at/cgi-bin/aomalarm.pl?source=OTS&date=20220505&key=OTS_20220505_OTS0204,32.0,27.0,21.0,12.0,8.0,
2022-04-09,Österreich,2022010,Unique Research,profil,profil,Telefon; Online,800,3.5,2022-04-04,2022-04-07,"Rohdaten. Original-Umfrage enthält Rohdaten, Werte der Parteien auf 100 Prozent ergänzt",https://www.aom.apa.at/cgi-bin/aomalarm.pl?source=OTS&date=20220409&key=OTS_20220409_OTS0007,37.5,28.6,17.9,8.9,7.1,
2022-03-27,Österreich,2022009,OGM,Kurier,Kurier,Online,968,3.1,2022-03-22,2022-03-24,"Rohdaten. Original-Umfrage enthält Rohdaten, Werte der Parteien auf 100 Prozent ergänzt",https://www.aom.apa.at/cgi-bin/aomalarm.pl?source=KURIER&date=20220327&key=KURIER_202203277573180019,34.1,26.8,17.1,11.0,11.0,
2022-03-25,Österreich,2022008,Unique Research,heute,heute,Telefon; Online,800,3.5,2022-03-21,2022-03-24,"Rohdaten. Original-Umfrage enthält Rohdaten, Werte der Parteien auf 100 Prozent ergänzt",https://www.unique-research.at/post/heute-umfrage-politische-stimmungslage-m%C3%A4rz-2022,36.8,28.1,19.3,8.8,7.0,
2022-03-12,Österreich,2022007,Unique Research,profil,profil,Telefon; Online,800,3.5,2022-03-07,2022-03-10,"Rohdaten. Original-Umfrage enthält Rohdaten, Werte der Parteien auf 100 Prozent ergänzt",https://www.aom.apa.at/cgi-bin/aomalarm.pl?source=OTS&date=20220312&key=OTS_20220312_OTS0006,36.5,23.8,20.6,7.9,11.1,
2022-02-12,Österreich,2022003,Unique Research,profil,profil,Telefon; Online,800,3.5,2022-02-07,2022-02-10,"Rohdaten. Original-Umfrage enthält Rohdaten, Werte der Parteien auf 100 Prozent ergänzt",https://www.aom.apa.at/cgi-bin/aomalarm.pl?source=OTS&date=20220212&key=OTS_20220212_OTS0004,35.0,25.0,18.3,10.0,11.7,
2022-01-16,Österreich,2022002,Unique Research,profil,profil,Telefon; Online,800,3.5,2022-01-10,2022-01-13,"Rohdaten. Original-Umfrage enthält Rohdaten, Werte der Parteien auf 100 Prozent ergänzt",https://www.aom.apa.at/cgi-bin/aomalarm.pl?source=OTS&date=20220115&key=OTS_20220115_OTS0001,34.4,26.2,21.3,9.8,8.2,
2022-01-03,Österreich,2022001,Market,Standard,Standard,Persönlich; Online,800,,2021-12-23,2021-12-28,"Rohdaten. Original-Umfrage enthält Rohdaten, Werte der Parteien auf 100 Prozent ergänzt",https://www.derstandard.at/story/2000132261460/mehrheit-der-oesterreicher-rechnet-mit-notwendigkeit-einer-vierten-impfung,39.7,23.5,11.8,13.2,11.8,
2021-12-19,Österreich,2021080,Peter Hajek,ATV/APA,ATV,Telefon; Online,800,3.5,2021-12-13,2021-12-16,"Original-Umfrage enthält Rohdaten, Werte der Parteien auf 100 Prozent ergänzt",https://www.aom.apa.at/cgi-bin/aomalarm.pl?source=APA&date=20211219&key=APA_20211219_APA0010,36.6,23.8,18.8,10.9,9.9,
2021-12-11,Österreich,2021079,Market,Der Standard,Der Standard,Persönlich; Online,800,,2021-12-06,2021-12-09,"Rohdaten. Original-Umfrage enthält Rohdaten, Werte der Parteien auf 100 Prozent ergänzt",https://www.aom.apa.at/cgi-bin/aomalarm.pl?source=STANDARD&date=20211211&key=STANDARD_202112110430063526510107,33.3,25.4,17.5,11.1,12.7,
2021-12-11,Österreich,2021078,Unique Research,profil,profil,Telefon; Online,800,3.5,2021-12-06,2021-12-09,"Rohdaten. Original-Umfrage enthält Rohdaten, Werte der Parteien auf 100 Prozent ergänzt",https://www.aom.apa.at/cgi-bin/aomalarm.pl?source=OTS&date=20211211&key=OTS_20211211_OTS0007,34.5,25.5,20.0,9.1,10.9,
2021-11-20,Österreich,2021075,Unique Research,profil,profil,Telefon; Online,800,3.5,2021-11-15,2021-11-18,"Rohdaten. Original-Umfrage enthält Rohdaten, Werte der Parteien auf 100 Prozent ergänzt",https://www.aom.apa.at/cgi-bin/aomalarm.pl?source=OTS&date=20211120&key=OTS_20211120_OTS0014,31.6,26.3,21.1,10.5,10.5,
2021-10-24,Österreich,2021073,Peter Hajek,ATV/APA,ATV,Telefon; Online,800,3.5,2021-10-18,2021-10-21,"Original-Umfrage enthält Rohdaten, Werte der Parteien auf 100 Prozent ergänzt",https://www.aom.apa.at/cgi-bin/aomalarm.pl?source=APA&date=20211024&key=APA_20211024_APA0021,26.7,21.8,22.8,11.9,16.8,
2021-09-18,Österreich,2021065,Unique Research,profil,profil,Telefon; Online,800,3.5,2021-09-13,2021-09-16,"Rohdaten. Original-Umfrage enthält Rohdaten, Werte der Parteien auf 100 Prozent ergänzt",https://www.profil.at/oesterreich/umfrage-sinkende-beliebtheitswerte-fuer-kurz-kogler-und-rendi-wagner/401737971,43.1,18.5,18.5,10.8,9.2,
2021-08-07,Österreich,2021056,Unique Research,profil,profil,Telefon; Online,800,3.5,,,"Rohdaten. Original-Umfrage enthält Rohdaten, Werte der Parteien auf 100 Prozent ergänzt",https://www.aom.apa.at/cgi-bin/aomalarm.pl?source=OTS&date=20210807&key=OTS_20210807_OTS0002,43.3,19.4,16.4,10.4,10.4,
2021-07-02,Österreich,2021048,Unique Research,Heute,Heute,Telefon; Online,800,3.5,2021-06-28,2021-07-01,"Rohdaten. Original-Umfrage enthält Rohdaten, Werte der Parteien auf 100 Prozent ergänzt",https://www.aom.apa.at/cgi-bin/aomalarm.pl?source=HEUTE&date=20210702&key=HEUTE_20210702_83E2FB2B71,43.5,17.4,13.0,13.0,13.0,
2021-06-25,Österreich,2021044,Peter Hajek,ATV/APA,ATV,Telefon; Online,800,3.5,2021-06-21,2021-06-24,,https://www.aom.apa.at/cgi-bin/aomalarm.pl?source=APA&date=20210625&key=APA_20210625_APA0037,42.0,20.0,14.0,13.0,11.0,
2021-06-12,Österreich,2021039,Unique Research,profil,profil,Telefon; Online,800,3.5,2021-06-07,2021-06-10,"Rohdaten. Original-Umfrage enthält Rohdaten, Werte der Parteien auf 100 Prozent ergänzt",https://www.profil.at/oesterreich/umfrage-oevp-verliert-leicht-gruene-und-neos-im-plus/401410155,42.9,20.6,17.5,9.5,9.5,
2021-05-15,Österreich,2021028,Unique Research,profil,profil,Telefon; Online,800,3.5,2021-05-10,2021-05-12,"Rohdaten. Original-Umfrage enthält Rohdaten, Werte der Parteien auf 100 Prozent ergänzt",https://www.profil.at/oesterreich/umfrage-mehrheit-haelt-u-ausschuesse-fuer-nuetzlich/401381978,44.6,23.1,16.9,7.7,7.7,
2021-05-02,Österreich,2021025,Peter Hajek,ATV/APA,ATV,Telefon; Online,800,3.5,,,,https://www.atv.at/oesterreichtrend/,45.0,21.0,17.0,6.0,11.0,
2021-04-10,Österreich,2021020,Unique Research,profil,profil,Telefon; Online,800,3.5,2021-04-05,2021-04-08,"Rohdaten. Original-Umfrage enthält Rohdaten, Werte der Parteien auf 100 Prozent ergänzt",https://www.profil.at/oesterreich/umfrage-oevp-und-kanzler-kurz-verlieren/401345966,40.9,24.2,16.7,10.6,7.6,
2021-04-06,Österreich,2021018,Market,Der Standard,Der Standard,Persönlich; Online,800,,2021-03-26,2021-03-30,"Rohdaten. Original-Umfrage enthält Rohdaten, Werte der Parteien auf 100 Prozent ergänzt",https://www.derstandard.at/story/2000125587095/tuerkis-gruene-koalition-hat-laut-umfrage-ihre-mehrheit-verloren,40.8,23.9,16.9,11.3,7.0,
2021-04-04,Österreich,2021017,OGM,Kurier,Kurier,,801,3.5,2021-03-30,2021-04-01,"Original-Umfrage enthält Rohdaten, Werte der Parteien auf 100 Prozent ergänzt",https://kurier.at/politik/inland/kurier-ogm-umfrage-zeigt-umsturz-im-waehlerverhalten/401340597,41.6,21.8,15.8,9.9,10.9,
2021-03-25,Österreich,2021013,Unique Research,heute,heute,Telefon; Online,800,3.5,2021-03-22,2021-03-25,"Rohdaten. Original-Umfrage enthält Rohdaten, Werte der Parteien auf 100 Prozent ergänzt",https://www.heute.at/s/kurz-in-krise-vorn-so-wuerde-oesterreich-heute-waehlen-100134572,44.8,22.4,16.4,10.4,6.0,
2021-03-15,Österreich,2021011,Peter Hajek,ATV/APA,ATV,Telefon; Online,800,3.5,2021-03-08,2021-03-11,,https://www.aom.apa.at/cgi-bin/aomalarm.pl?source=APA&date=20210315&key=APA_20210315_APA0017,47.0,24.0,15.0,8.0,6.0,
2021-03-06,Österreich,2021010,Unique Research,profil,profil,Telefon; Online,800,3.5,2021-03-01,2021-03-04,"Rohdaten. Original-Umfrage enthält Rohdaten, Werte der Parteien auf 100 Prozent ergänzt",https://www.profil.at/oesterreich/umfrage-regierung-verliert-an-zustimmung/401209453,44.8,22.4,16.4,10.4,6.0,
2021-01-16,Österreich,2021002,Unique Research,profil,profil,Telefon; Online,801,3.5,2021-01-11,2021-01-14,"Rohdaten. Original-Umfrage enthält Rohdaten, Werte der Parteien auf 100 Prozent ergänzt",https://www.ots.at/presseaussendung/OTS_20210116_OTS0011/profil-sonntagsfrage-oevp-verliert-spoe-gruene-und-fpoe-legen-zu,50.7,17.4,14.5,8.7,8.7,
